,AAs,AA1,AA2,AA3,AA4,fitness,active,imputed,zs score
0,KFEW,K,F,E,W,-0.00013690500888236304,True,True,
1,KHWK,K,H,W,K,-0.006745374959825099,True,True,
2,ENEW,E,N,E,W,0.0030579520993789097,True,True,
3,QMDK,Q,M,D,K,0.00857453202296385,True,True,
4,CKGE,C,K,G,E,-0.0010656250903729866,True,True,
5,EHWQ,E,H,W,Q,0.002627514558716704,True,True,
6,KHCW,K,H,C,W,0.014492463878078433,True,True,
7,YWWE,Y,W,W,E,-0.007543072348360423,True,True,
8,IHWQ,I,H,W,Q,-0.0042552422256674485,True,True,
9,HKKK,H,K,K,K,-0.0021667706431630312,True,True,
10,QYDK,Q,Y,D,K,0.00894133433960681,True,True,
11,HQWK,H,Q,W,K,-0.00026921662349213506,True,True,
12,MMDW,M,M,D,W,0.009149373491022636,True,True,
13,HQEI,H,Q,E,I,-9.808425023654252e-05,True,True,
14,FQEC,F,Q,E,C,-0.0004130938892912252,True,True,
15,QHDM,Q,H,D,M,0.0016932889274171952,True,True,
16,HDEK,H,D,E,K,0.00017280841084086075,True,True,
17,HKWD,H,K,W,D,0.0018087789766573993,True,True,
18,QMED,Q,M,E,D,0.006710359486025685,True,True,
19,KHWQ,K,H,W,Q,-0.005757849426601817,True,True,
20,MHDM,M,H,D,M,0.003735389531034846,True,True,
21,MHCK,M,H,C,K,0.01133018468406715,True,True,
22,HHEE,H,H,E,E,-0.0026443041322803847,True,True,
23,MEEW,M,E,E,W,0.0009808955467188211,True,True,
24,EIEE,E,I,E,E,0.00036680322546140846,True,True,
25,CQKW,C,Q,K,W,0.00849760882694953,True,True,
26,HFCK,H,F,C,K,0.013749207110081445,True,True,
27,MHDQ,M,H,D,Q,-0.0013344224760963442,True,True,
28,HQKM,H,Q,K,M,0.0032005045775388933,True,True,
29,FCWK,F,C,W,K,-0.0036433890544156355,True,True,
30,QLEC,Q,L,E,C,0.01702269414897923,True,True,
31,PHEF,P,H,E,F,0.0036895903201243116,True,True,
32,YKWK,Y,K,W,K,-0.0003249249665477928,True,True,
33,CDWK,C,D,W,K,0.0006068480712237192,True,True,
34,CMWE,C,M,W,E,-0.00032337151911635903,True,True,
35,HDQE,H,D,Q,E,0.013025189041431975,True,True,
36,PNGK,P,N,G,K,0.006508458221465221,True,True,
37,HIEW,H,I,E,W,-0.0017141475139074566,True,True,
38,KHME,K,H,M,E,-0.0007924760163366717,True,True,
39,QHAE,Q,H,A,E,0.009302689447562462,True,True,
40,QKWG,Q,K,W,G,0.009758030060170066,True,True,
41,KMEE,K,M,E,E,0.007941243353048182,True,True,
42,HMKC,H,M,K,C,0.009839983473462863,True,True,
43,FQKH,F,Q,K,H,0.005813005831058987,True,True,
44,MQEN,M,Q,E,N,0.013743074665638904,True,True,
45,HFFE,H,F,F,E,0.011497530427876941,True,True,
46,EFKW,E,F,K,W,0.0129129658898552,True,True,
47,QHVE,Q,H,V,E,0.008143495708769077,True,True,
48,QHEI,Q,H,E,I,0.008738530996636254,True,True,
49,HCYW,H,C,Y,W,0.004456114796792363,True,True,
50,QCWE,Q,C,W,E,-0.0026770082068799618,True,True,
51,HKWG,H,K,W,G,0.01785797916110868,True,True,
52,CIWM,C,I,W,M,-0.003456925147177896,True,True,
53,HWWE,H,W,W,E,-0.006570326608628116,True,True,
54,KMEI,K,M,E,I,0.006146531194559047,True,True,
55,CYFE,C,Y,F,E,0.009830828279086263,True,True,
56,NKMM,N,K,M,M,0.005353245270654233,True,True,
57,FKWQ,F,K,W,Q,-0.0018176207344011582,True,True,
58,YPMQ,Y,P,M,Q,0.016960166352459893,True,True,
59,KPEE,K,P,E,E,0.00427771861756564,True,True,
60,FQKE,F,Q,K,E,-0.005775225111211458,True,True,
61,EYVE,E,Y,V,E,0.01464392448861293,True,True,
62,QQMQ,Q,Q,M,Q,0.006855150711700985,True,True,
63,TDEK,T,D,E,K,0.007955354064551654,True,True,
64,PNMK,P,N,M,K,0.013982418432346738,True,True,
65,PMEV,P,M,E,V,0.015853534431460783,True,True,
66,HMKW,H,M,K,W,0.0016694285600412377,True,True,
67,HFQE,H,F,Q,E,0.009855870957564277,True,True,
68,IQWE,I,Q,W,E,-0.006435876737642002,True,True,
69,MNNW,M,N,N,W,0.011042574135315219,True,True,
70,HMME,H,M,M,E,0.0055308130064113305,True,True,
71,QHKQ,Q,H,K,Q,0.005870587029726284,True,True,
72,IWYE,I,W,Y,E,0.0061927899454102915,True,True,
73,PHEK,P,H,E,K,0.007623387546330421,True,True,
74,HFWW,H,F,W,W,-0.01857065375679092,True,True,
75,QKWW,Q,K,W,W,-0.010764160375503576,True,True,
76,YCCE,Y,C,C,E,0.012607980909387412,True,True,
77,QHCK,Q,H,C,K,0.008558755606479488,True,True,
78,QKGE,Q,K,G,E,0.0029017985757338466,True,True,
79,HWRE,H,W,R,E,0.00929838965024159,True,True,
80,QNYK,Q,N,Y,K,0.004084595116887377,True,True,
81,IGWE,I,G,W,E,-0.0013583293510974273,True,True,
82,QFQE,Q,F,Q,E,0.01017466537317109,True,True,
83,HQKW,H,Q,K,W,-0.0020382364136654167,True,True,
84,WCCK,W,C,C,K,0.009913038761227616,True,True,
85,YPMG,Y,P,M,G,0.07064078761453381,True,True,
86,WKEW,W,K,E,W,-0.0022599844368665707,True,True,
87,HCWK,H,C,W,K,-0.0032079002981116552,True,True,
88,YWVE,Y,W,V,E,0.008012694647997328,True,True,
89,WDEG,W,D,E,G,0.007004380529754796,True,True,
90,PQEM,P,Q,E,M,0.00621500327846097,True,True,
91,WQED,W,Q,E,D,-0.006184795251020904,True,True,
92,MFEK,M,F,E,K,0.012987595415736197,True,True,
93,EFQE,E,F,Q,E,0.014126176051369831,True,True,
94,WQWE,W,Q,W,E,-0.0006178571493257211,True,True,
95,HWDW,H,W,D,W,0.0020141138406625813,True,True,
96,DQEQ,D,Q,E,Q,0.006332738107006057,True,True,
97,DTEK,D,T,E,K,0.0073253946312298295,True,True,
98,NIME,N,I,M,E,0.02130373752139316,True,True,
99,QPMK,Q,P,M,K,0.022873780611481882,True,True,
100,MQGN,M,Q,G,N,0.025164383910932772,True,True,
101,KEMM,K,E,M,M,0.008574296560267237,True,True,
102,KTWE,K,T,W,E,0.007256894810847915,True,True,
103,HFEW,H,F,E,W,0.007929959996678813,True,True,
104,MCEW,M,C,E,W,-0.005190811520519031,True,True,
105,PFWE,P,F,W,E,-0.00013307979491876954,True,True,
106,IHFE,I,H,F,E,0.00497336206278955,True,True,
107,MCDE,M,C,D,E,0.003137285098474651,True,True,
108,CCWK,C,C,W,K,-0.0007855616853021692,True,True,
109,MQKE,M,Q,K,E,0.0026705929152681935,True,True,
110,HWWN,H,W,W,N,0.004009986708153319,True,True,
111,HEVM,H,E,V,M,0.007827128406310259,True,True,
112,KQME,K,Q,M,E,0.011143708188535899,True,True,
113,CQCQ,C,Q,C,Q,0.02648742361605079,True,True,
114,YFME,Y,F,M,E,0.006585959641244222,True,True,
115,WKEE,W,K,E,E,0.004180567432004203,True,True,
116,HCKW,H,C,K,W,-0.0019622768884064654,True,True,
117,FFWK,F,F,W,K,0.004851460392204494,True,True,
118,VHWQ,V,H,W,Q,-0.0034698942696281695,True,True,
119,PWWQ,P,W,W,Q,-0.006328319014648897,True,True,
120,QFGM,Q,F,G,M,0.013172366450686573,True,True,
121,HQME,H,Q,M,E,0.0030563197463590766,True,True,
122,HHDQ,H,H,D,Q,0.0064391827569453,True,True,
123,PHDK,P,H,D,K,0.004225249338427131,True,True,
124,HHWD,H,H,W,D,0.008574385363997933,True,True,
125,KWWE,K,W,W,E,0.003719089505726385,True,True,
126,YWCW,Y,W,C,W,0.0014096554439683984,True,True,
127,HQWW,H,Q,W,W,-0.020904376642702862,True,True,
128,YDKE,Y,D,K,E,0.004867209936028921,True,True,
129,YMCM,Y,M,C,M,0.01377056312861818,True,True,
130,AMKE,A,M,K,E,0.019298352036111122,True,True,
131,KIKW,K,I,K,W,0.001962320867957921,True,True,
132,HPWQ,H,P,W,Q,-0.007581834892926071,True,True,
133,NPGE,N,P,G,E,0.00530099098611352,True,True,
134,YQNE,Y,Q,N,E,0.0091220757227413,True,True,
135,MHME,M,H,M,E,-0.001544985005982302,True,True,
136,HHVE,H,H,V,E,0.010046930686501851,True,True,
137,MHKC,M,H,K,C,0.008399811757718466,True,True,
138,WIGE,W,I,G,E,0.003795112571288441,True,True,
139,TIEE,T,I,E,E,0.008356841849889945,True,True,
140,FTWQ,F,T,W,Q,0.003309958686700261,True,True,
141,QCWQ,Q,C,W,Q,-0.005495962991652113,True,True,
142,KFEE,K,F,E,E,0.006032677942266564,True,True,
143,EHCE,E,H,C,E,0.005566728775584969,True,True,
144,PIEM,P,I,E,M,0.0101749752941836,True,True,
145,HTWK,H,T,W,K,0.0014188820270242609,True,True,
146,FCWQ,F,C,W,Q,0.0008128342568496128,True,True,
147,QHYE,Q,H,Y,E,0.002648481967197256,True,True,
148,DQCE,D,Q,C,E,0.018566231940530253,True,True,
149,MHQE,M,H,Q,E,0.009373958872182932,True,True,
150,NNEW,N,N,E,W,-0.01023621379574894,True,True,
151,QFCC,Q,F,C,C,0.03635764722412758,True,True,
152,AQWE,A,Q,W,E,0.004504805428429758,True,True,
153,PWME,P,W,M,E,0.0032321025910446734,True,True,
154,KCWK,K,C,W,K,0.00214872955894887,True,True,
155,PNEW,P,N,E,W,0.0036993112969056197,True,True,
156,WHDQ,W,H,D,Q,4.350045411506296e-05,True,True,
157,WMEE,W,M,E,E,0.001044054976970591,True,True,
158,QHEH,Q,H,E,H,0.008742096616049525,True,True,
159,CQGE,C,Q,G,E,0.005391679475436013,True,True,
160,QFYE,Q,F,Y,E,0.006710857321267082,True,True,
161,NKKQ,N,K,K,Q,0.0038929886615617373,True,True,
162,PEWE,P,E,W,E,-0.0034940894108343745,True,True,
163,HDKE,H,D,K,E,0.013333591388662568,True,True,
164,KQCD,K,Q,C,D,0.0043888882351112235,True,True,
165,HDEV,H,D,E,V,0.010128029723178337,True,True,
166,QMEN,Q,M,E,N,0.020291601372762404,True,True,
167,SQKE,S,Q,K,E,0.009156359789910433,True,True,
168,CQWM,C,Q,W,M,0.009797771720498085,True,True,
169,KFEG,K,F,E,G,0.021008307975705097,True,True,
170,PIWK,P,I,W,K,-0.0044523604236414915,True,True,
171,PTWE,P,T,W,E,0.00221401313363257,True,True,
172,MMCE,M,M,C,E,0.02707405214535322,True,True,
173,QQKV,Q,Q,K,V,0.0032464373314741732,True,True,
174,NYEE,N,Y,E,E,0.0035539807316391885,True,True,
175,TKKE,T,K,K,E,0.001951677985237024,True,True,
176,QDEQ,Q,D,E,Q,0.0016348391894124394,True,True,
177,HKCW,H,K,C,W,0.001615474905852041,True,True,
178,QYEE,Q,Y,E,E,-0.001601441242135504,True,True,
179,HPDW,H,P,D,W,0.0024605551698045963,True,True,
180,LQDE,L,Q,D,E,0.005177374567847823,True,True,
181,HNWI,H,N,W,I,0.012291255971142005,True,True,
182,WYYE,W,Y,Y,E,0.0073451131270690475,True,True,
183,QNEQ,Q,N,E,Q,0.001503661652361439,True,True,
184,DYEG,D,Y,E,G,0.01939420591159688,True,True,
185,FCQE,F,C,Q,E,0.007126271375687626,True,True,
186,QHMD,Q,H,M,D,0.003341349953367435,True,True,
187,DHIN,D,H,I,N,0.04995420749833138,True,True,
188,YECE,Y,E,C,E,0.01221661910048696,True,True,
189,NQKE,N,Q,K,E,0.004728250926718423,True,True,
190,QHWE,Q,H,W,E,-0.007241900823269624,True,True,
191,DFEC,D,F,E,C,0.014238122460789886,True,True,
192,WFED,W,F,E,D,0.0006015535632461407,True,True,
193,WQWD,W,Q,W,D,0.0025444453493582504,True,True,
194,IKEC,I,K,E,C,-0.005580320688577549,True,True,
195,NNWQ,N,N,W,Q,-0.0002473435976326399,True,True,
196,CWDE,C,W,D,E,0.0003028279067402162,True,True,
197,IWEQ,I,W,E,Q,-0.007160614581003279,True,True,
198,HQWE,H,Q,W,E,-0.002378509617364687,True,True,
199,WQDM,W,Q,D,M,0.010459378107294241,True,True,
200,PQDW,P,Q,D,W,0.011055209897027045,True,True,
201,QQRE,Q,Q,R,E,0.006029317191821067,True,True,
202,HNEW,H,N,E,W,-0.003939635001429173,True,True,
203,HHWM,H,H,W,M,0.004227549768571131,True,True,
204,WHGQ,W,H,G,Q,0.004157782322854238,True,True,
205,KCEG,K,C,E,G,0.036015952560137274,True,True,
206,QQFK,Q,Q,F,K,0.008070592575925973,True,True,
207,HKEQ,H,K,E,Q,0.0005359385664127916,True,True,
208,MQWM,M,Q,W,M,0.00016558793688009707,True,True,
209,CQWN,C,Q,W,N,0.020737849221284424,True,True,
210,MMCK,M,M,C,K,0.031583829209062865,True,True,
211,LIEE,L,I,E,E,0.007550997910947732,True,True,
212,MQEF,M,Q,E,F,-0.004592665848772525,True,True,
213,HHFF,H,H,F,F,0.019905696179554594,True,True,
214,HHEW,H,H,E,W,-0.0034726498887159805,True,True,
215,QQNE,Q,Q,N,E,0.007339361504946116,True,True,
216,QMWM,Q,M,W,M,0.004002629807830679,True,True,
217,QIWE,Q,I,W,E,-0.0013594970632730256,True,True,
218,YWED,Y,W,E,D,0.005598704595998855,True,True,
219,QCDE,Q,C,D,E,0.0018288874466689193,True,True,
220,KDEK,K,D,E,K,0.0040353363152533265,True,True,
221,HHYW,H,H,Y,W,0.004467220062672894,True,True,
222,DHMW,D,H,M,W,0.007193606889325353,True,True,
223,FWKW,F,W,K,W,0.006910563597863261,True,True,
224,FNDW,F,N,D,W,0.003675435405534957,True,True,
225,HKWE,H,K,W,E,-0.00694380014286294,True,True,
226,FKKE,F,K,K,E,-0.0031990645423683357,True,True,
227,DWEQ,D,W,E,Q,0.00587947746070044,True,True,
228,EIQE,E,I,Q,E,0.013191195813452922,True,True,
229,HCNW,H,C,N,W,0.006161395236859959,True,True,
230,HHQE,H,H,Q,E,0.011094933309026988,True,True,
231,YNEE,Y,N,E,E,-0.0034100229593373196,True,True,
232,YIEE,Y,I,E,E,0.00019350858578310516,True,True,
233,KDEF,K,D,E,F,0.005448148165909915,True,True,
234,WKWE,W,K,W,E,0.002074810596654613,True,True,
235,QQEF,Q,Q,E,F,0.00435600155471937,True,True,
236,CTWQ,C,T,W,Q,-0.004050726798187585,True,True,
237,EHWE,E,H,W,E,-0.0028356473184908033,True,True,
238,MMEE,M,M,E,E,0.0024723102958295693,True,True,
239,MQWY,M,Q,W,Y,0.0029551027076897994,True,True,
240,CHEE,C,H,E,E,-8.579374124704647e-05,True,True,
241,PQEE,P,Q,E,E,-0.002405274862190903,True,True,
242,YQKW,Y,Q,K,W,0.004068193977613648,True,True,
243,DQWE,D,Q,W,E,7.371673974477303e-05,True,True,
244,QDKK,Q,D,K,K,-0.0006669120417045171,True,True,
245,FQDC,F,Q,D,C,0.0041743970861103635,True,True,
246,QQGK,Q,Q,G,K,0.007127763635129727,True,True,
247,HQIW,H,Q,I,W,0.006539910758855658,True,True,
248,TYME,T,Y,M,E,0.007072698040902959,True,True,
249,HMGD,H,M,G,D,0.008358114613477829,True,True,
250,FEED,F,E,E,D,0.00605781068923068,True,True,
251,KHEN,K,H,E,N,0.006806206508039695,True,True,
252,EFWQ,E,F,W,Q,0.00349362720853435,True,True,
253,QHEC,Q,H,E,C,0.0039783060738606615,True,True,
254,QPEE,Q,P,E,E,4.191203235465437e-05,True,True,
255,DCMM,D,C,M,M,0.028730137511113044,True,True,
256,QNEK,Q,N,E,K,0.005625974704715095,True,True,
257,FQGE,F,Q,G,E,0.0030384510753088696,True,True,
258,KNKK,K,N,K,K,0.004131299427387261,True,True,
259,QIME,Q,I,M,E,0.009052281518382816,True,True,
260,KHWM,K,H,W,M,0.009119914725106253,True,True,
261,HEKQ,H,E,K,Q,0.0048460407109725875,True,True,
262,KQIQ,K,Q,I,Q,0.018796755498694483,True,True,
263,HDEF,H,D,E,F,0.003163258639198919,True,True,
264,YWWQ,Y,W,W,Q,-0.002881214545233952,True,True,
265,QYCD,Q,Y,C,D,0.007191630979317741,True,True,
266,YQMV,Y,Q,M,V,0.01142400992399042,True,True,
267,WHDW,W,H,D,W,0.0022966572074033594,True,True,
268,YMEG,Y,M,E,G,0.03057909721108631,True,True,
269,DPWE,D,P,W,E,-0.0032359322003572707,True,True,
270,HQDM,H,Q,D,M,0.00630764381051565,True,True,
271,VHWE,V,H,W,E,0.00014625149410032206,True,True,
272,IHMQ,I,H,M,Q,0.014040713703092766,True,True,
273,MWEK,M,W,E,K,0.0028089194529654082,True,True,
274,MCDK,M,C,D,K,0.00527948478102492,True,True,
275,YHEE,Y,H,E,E,0.007367194750239216,True,True,
276,LQEE,L,Q,E,E,-0.0013274003238942318,True,True,
277,HPEK,H,P,E,K,0.012164215767853212,True,True,
278,HTDE,H,T,D,E,0.003342675016561931,True,True,
279,YNEG,Y,N,E,G,0.01454948801819644,True,True,
280,MHWQ,M,H,W,Q,-0.010475740508993867,True,True,
281,PHNE,P,H,N,E,0.013727496210365262,True,True,
282,DHWW,D,H,W,W,-0.01201684516841191,True,True,
283,QMEW,Q,M,E,W,0.0008626575242834179,True,True,
284,QNWM,Q,N,W,M,-0.00036834655453665767,True,True,
285,YREE,Y,R,E,E,0.007383067420640329,True,True,
286,WFEE,W,F,E,E,0.004680835703664548,True,True,
287,NPWK,N,P,W,K,-0.0008435029697210157,True,True,
288,PHEE,P,H,E,E,0.0032534899800792947,True,True,
289,FQEE,F,Q,E,E,-0.008837604909498616,True,True,
290,QYNE,Q,Y,N,E,0.0034549952758655845,True,True,
291,QIEG,Q,I,E,G,0.09369702885855506,True,True,
292,PFEC,P,F,E,C,0.016001195778436665,True,True,
293,CQWQ,C,Q,W,Q,0.005669626604961179,True,True,
294,MKEK,M,K,E,K,0.0036113028943457618,True,True,
295,HEED,H,E,E,D,0.008595846643238666,True,True,
296,PPYE,P,P,Y,E,0.005556315105618146,True,True,
297,HWKF,H,W,K,F,0.010182810455802696,True,True,
298,DCED,D,C,E,D,-0.0009199847323401931,True,True,
299,AMWK,A,M,W,K,0.0058844608650631515,True,True,
300,KQED,K,Q,E,D,-0.005983395574408842,True,True,
301,QQDM,Q,Q,D,M,0.007608194167348797,True,True,
302,KHWD,K,H,W,D,0.0029186540178094645,True,True,
303,NYWE,N,Y,W,E,-0.0012422852547350027,True,True,
304,NPKE,N,P,K,E,0.014271978984956721,True,True,
305,YAWQ,Y,A,W,Q,0.0006506010813239113,True,True,
306,HCEG,H,C,E,G,0.011704058064211844,True,True,
307,PQWK,P,Q,W,K,-0.007557218946618513,True,True,
308,EHRE,E,H,R,E,0.009652120940505994,True,True,
309,HKWK,H,K,W,K,-0.00589079105435611,True,True,
310,DEMW,D,E,M,W,0.007885784246016436,True,True,
311,HWYW,H,W,Y,W,0.0051343902323034585,True,True,
312,CFWG,C,F,W,G,0.041528369164956266,True,True,
313,QYCE,Q,Y,C,E,0.00013573671524388722,True,True,
314,PHEN,P,H,E,N,0.008826797752507137,True,True,
315,QKFD,Q,K,F,D,0.007789621960102573,True,True,
316,EHEK,E,H,E,K,0.004689281610952431,True,True,
317,KIEE,K,I,E,E,0.0035981408954535985,True,True,
318,HCGE,H,C,G,E,0.003040400589007998,True,True,
319,FDED,F,D,E,D,0.004061557430646556,True,True,
320,HQEW,H,Q,E,W,-0.006210229709578381,True,True,
321,WHQQ,W,H,Q,Q,0.007185462707708462,True,True,
322,NWWE,N,W,W,E,-0.0025839275284516134,True,True,
323,QFEW,Q,F,E,W,0.00290582501603731,True,True,
324,HKKD,H,K,K,D,-0.0034738968878035856,True,True,
325,IEDW,I,E,D,W,0.005478145725141292,True,True,
326,CFEG,C,F,E,G,0.0550443819037775,True,True,
327,HKQE,H,K,Q,E,0.0027775635104229585,True,True,
328,MHWW,M,H,W,W,-0.018124990795393515,True,True,
329,MPVM,M,P,V,M,0.02774775503742765,True,True,
330,WIEE,W,I,E,E,0.002078803552782028,True,True,
331,HDNW,H,D,N,W,0.010719731377952596,True,True,
332,KDWK,K,D,W,K,0.007007912244793993,True,True,
333,AHEE,A,H,E,E,0.0010190481606422992,True,True,
334,MKDW,M,K,D,W,0.0037710151268505773,True,True,
335,QQEE,Q,Q,E,E,-0.004760483654268317,True,True,
336,CKCE,C,K,C,E,0.003036793402037065,True,True,
337,WIKE,W,I,K,E,-0.001865918626182809,True,True,
338,QCEE,Q,C,E,E,-0.0009708381458510714,True,True,
339,YHWF,Y,H,W,F,0.009299868242241239,True,True,
340,HEDW,H,E,D,W,0.0029515274862410923,True,True,
341,MNKW,M,N,K,W,0.022002026133940117,True,True,
342,QYWM,Q,Y,W,M,0.001088069390087527,True,True,
343,QNWW,Q,N,W,W,-0.019970677433506813,True,True,
344,KQWW,K,Q,W,W,-0.019900189774740423,True,True,
345,YEKE,Y,E,K,E,0.001593493106794057,True,True,
346,EIEM,E,I,E,M,0.012634469244035846,True,True,
347,NMCE,N,M,C,E,0.03121424840187808,True,True,
348,HDEE,H,D,E,E,-0.002583783391959897,True,True,
349,DEEC,D,E,E,C,0.007382613394393528,True,True,
350,HKIK,H,K,I,K,0.0038090722806929456,True,True,
351,PDEQ,P,D,E,Q,0.0012946117643463822,True,True,
352,HPMQ,H,P,M,Q,0.008373037415423407,True,True,
353,MHEC,M,H,E,C,0.008638645249670163,True,True,
354,QWQE,Q,W,Q,E,0.009028452891064796,True,True,
355,HQNE,H,Q,N,E,0.006278315350353012,True,True,
356,TVEE,T,V,E,E,0.010398278537234793,True,True,
357,MKCW,M,K,C,W,0.010363835177116943,True,True,
358,MMDE,M,M,D,E,0.0024593029050807695,True,True,
359,QQMC,Q,Q,M,C,0.01663964037679467,True,True,
360,MDDG,M,D,D,G,0.03630143448350922,True,True,
361,HVWK,H,V,W,K,0.004015846572462293,True,True,
362,ENGE,E,N,G,E,0.008935792859178612,True,True,
363,QNMM,Q,N,M,M,0.00889338289448645,True,True,
364,YTKW,Y,T,K,W,0.005276109569812525,True,True,
365,FTEK,F,T,E,K,0.013411977797811264,True,True,
366,KQDW,K,Q,D,W,0.004236134458903398,True,True,
367,ICWE,I,C,W,E,-0.005751310641075852,True,True,
368,DYED,D,Y,E,D,0.008967090661178827,True,True,
369,CEYE,C,E,Y,E,0.005669516559095313,True,True,
370,DQWC,D,Q,W,C,-0.0017408016664408918,True,True,
371,CWEE,C,W,E,E,-0.0009727767406995349,True,True,
372,HWEV,H,W,E,V,0.006884042654737389,True,True,
373,HMQE,H,M,Q,E,0.0068261299101056,True,True,
374,FQMG,F,Q,M,G,0.06881969681472462,True,True,
375,NCWQ,N,C,W,Q,-0.00010357281713513376,True,True,
376,HPEQ,H,P,E,Q,0.008108325958309341,True,True,
377,MQED,M,Q,E,D,-0.00589730722716283,True,True,
378,WQCM,W,Q,C,M,0.006562900795666963,True,True,
379,CHWW,C,H,W,W,-0.010466861676174371,True,True,
380,QIWG,Q,I,W,G,0.058180797739156284,True,True,
381,FQCW,F,Q,C,W,0.010425389323994864,True,True,
382,YMEM,Y,M,E,M,0.006251447955611286,True,True,
383,FPEM,F,P,E,M,-0.0010732242063782125,True,True,
384,QMMK,Q,M,M,K,0.017636941211077034,True,True,
385,HHNW,H,H,N,W,0.012154018452431681,True,True,
386,PIEK,P,I,E,K,0.005987248285838665,True,True,
387,QCWM,Q,C,W,M,0.002369500528048091,True,True,
388,WYWQ,W,Y,W,Q,-0.006394994875892369,True,True,
389,TMEW,T,M,E,W,0.007197489080816969,True,True,
390,MHCW,M,H,C,W,0.014806739253094095,True,True,
391,HDMD,H,D,M,D,0.007698923855053094,True,True,
392,HMEE,H,M,E,E,-0.0042546570422036445,True,True,
393,HNCW,H,N,C,W,0.003292737937256712,True,True,
394,EHEE,E,H,E,E,0.0022482366218932776,True,True,
395,QIKC,Q,I,K,C,0.020123497687717037,True,True,
396,PFCE,P,F,C,E,0.014189548285442732,True,True,
397,QCEQ,Q,C,E,Q,0.002954180922853853,True,True,
398,DCKE,D,C,K,E,0.010441817288860462,True,True,
399,HCWQ,H,C,W,Q,-0.006055146970396501,True,True,
400,MDME,M,D,M,E,0.009840548543990463,True,True,
401,HCDE,H,C,D,E,0.002726467100307805,True,True,
402,MAEE,M,A,E,E,0.003552753488389194,True,True,
403,HDKW,H,D,K,W,0.005349052063945556,True,True,
404,EQEE,E,Q,E,E,0.0029432355171083216,True,True,
405,QFKE,Q,F,K,E,0.0037688258390126714,True,True,
406,PNEK,P,N,E,K,0.012775402010729435,True,True,
407,NEEE,N,E,E,E,-0.005838619384779882,True,True,
408,ICEE,I,C,E,E,-0.005506602299998982,True,True,
409,KDEE,K,D,E,E,0.00690691324508755,True,True,
410,CHME,C,H,M,E,0.0043223730681191935,True,True,
411,WIWM,W,I,W,M,0.004967271660851549,True,True,
412,QMWC,Q,M,W,C,0.0008731897804341966,True,True,
413,PWWE,P,W,W,E,-0.0017949362783671804,True,True,
414,HDED,H,D,E,D,0.0029418928073634805,True,True,
415,QDWW,Q,D,W,W,-0.014387464697162768,True,True,
416,QHCD,Q,H,C,D,0.00964190903808353,True,True,
417,QFEK,Q,F,E,K,0.01048667545928657,True,True,
418,HTEE,H,T,E,E,-0.0010740303153816922,True,True,
419,HYEK,H,Y,E,K,0.008582899319378666,True,True,
420,WQMG,W,Q,M,G,0.06679852193047528,True,True,
421,MTKE,M,T,K,E,0.01204676186335594,True,True,
422,HYEE,H,Y,E,E,0.0008099794348307561,True,True,
423,QNED,Q,N,E,D,0.008051514293704662,True,True,
424,IEEK,I,E,E,K,0.004173993148668916,True,True,
425,PTEW,P,T,E,W,0.001395284702925974,True,True,
426,HWWI,H,W,W,I,0.005925704182462797,True,True,
427,NMWM,N,M,W,M,0.011783854132245367,True,True,
428,QFWQ,Q,F,W,Q,-0.006309935384243033,True,True,
429,QHKG,Q,H,K,G,0.05812078166116527,True,True,
430,PFWQ,P,F,W,Q,-0.005852118064146248,True,True,
431,IPWE,I,P,W,E,-0.006844048990143218,True,True,
432,CEWE,C,E,W,E,-0.003002103511263328,True,True,
433,YCVE,Y,C,V,E,0.01607672754047034,True,True,
434,NHWD,N,H,W,D,0.001303007627181925,True,True,
435,YDWK,Y,D,W,K,0.005153559249917137,True,True,
436,FNWK,F,N,W,K,-0.004425232088300683,True,True,
437,ECEK,E,C,E,K,0.00527452731612076,True,True,
438,HWKG,H,W,K,G,0.045047652910958136,True,True,
439,FPWE,F,P,W,E,0.0025700174358686016,True,True,
440,PDDW,P,D,D,W,0.0072416456946599915,True,True,
441,HTEW,H,T,E,W,-0.00031282075010446607,True,True,
442,HEEF,H,E,E,F,-4.5638408103163384e-05,True,True,
443,QQEN,Q,Q,E,N,0.012564472975457855,True,True,
444,CKWQ,C,K,W,Q,-0.0038419379293882154,True,True,
445,NMWE,N,M,W,E,0.004354937383676456,True,True,
446,EHFW,E,H,F,W,0.0096614264807312,True,True,
447,HKEM,H,K,E,M,0.00894785866670609,True,True,
448,IKCK,I,K,C,K,0.0032296859593804127,True,True,
449,NWWQ,N,W,W,Q,0.0003964610492892542,True,True,
450,HCEE,H,C,E,E,-0.006846754477471157,True,True,
451,WCEM,W,C,E,M,0.00043468045780753776,True,True,
452,QHEW,Q,H,E,W,-0.005951381164665604,True,True,
453,MQIK,M,Q,I,K,0.01300302518750363,True,True,
454,KIIQ,K,I,I,Q,0.015233015752708103,True,True,
455,HCFW,H,C,F,W,-0.0013111428998339148,True,True,
456,MPWG,M,P,W,G,0.045608605475878354,True,True,
457,YNEW,Y,N,E,W,0.004271971645381707,True,True,
458,HPWF,H,P,W,F,0.004720009260253819,True,True,
459,HPKG,H,P,K,G,0.12564086162584062,True,True,
460,QICQ,Q,I,C,Q,0.013521904347742758,True,True,
461,KMWE,K,M,W,E,0.003738119278969247,True,True,
462,QQFW,Q,Q,F,W,0.0048748523091857,True,True,
463,IFEW,I,F,E,W,0.0015131824682778048,True,True,
464,IQWM,I,Q,W,M,0.001996234601907183,True,True,
465,MYEK,M,Y,E,K,0.006385580616131165,True,True,
466,QIWQ,Q,I,W,Q,-0.007838034561817957,True,True,
467,YPKE,Y,P,K,E,0.0069380218464388,True,True,
468,MKVE,M,K,V,E,0.00868274770949327,True,True,
469,FHKK,F,H,K,K,0.003397750439376349,True,True,
470,YIEM,Y,I,E,M,0.004950096379084063,True,True,
471,QFEE,Q,F,E,E,0.0030501659718206032,True,True,
472,MTWE,M,T,W,E,0.0027813118581641034,True,True,
473,YMKE,Y,M,K,E,0.006706976618898543,True,True,
474,QNEE,Q,N,E,E,-0.002030327941340334,True,True,
475,KQEW,K,Q,E,W,-0.0016364269442492216,True,True,
476,WYED,W,Y,E,D,0.0033658262686749527,True,True,
477,TMDK,T,M,D,K,0.010008066527996903,True,True,
478,QWEW,Q,W,E,W,-0.0007187901013037084,True,True,
479,KYWE,K,Y,W,E,0.0006434973679312109,True,True,
480,QYWI,Q,Y,W,I,0.0042768962613825194,True,True,
481,EHIE,E,H,I,E,0.010200809996630323,True,True,
482,KEWE,K,E,W,E,0.0021323763276236904,True,True,
483,NQGK,N,Q,G,K,0.010816861555399602,True,True,
484,PCED,P,C,E,D,0.0012939218812234017,True,True,
485,PHWI,P,H,W,I,0.0063195919826452805,True,True,
486,MQEM,M,Q,E,M,0.0018499096688806616,True,True,
487,FMEM,F,M,E,M,-0.0011272009328090753,True,True,
488,QQEY,Q,Q,E,Y,0.0027804862534723893,True,True,
489,HQEY,H,Q,E,Y,0.00331644744579233,True,True,
490,PCEW,P,C,E,W,-0.0033659192701539073,True,True,
491,KPKQ,K,P,K,Q,0.005009749141297821,True,True,
492,EHYE,E,H,Y,E,0.006368472473209666,True,True,
493,QCKQ,Q,C,K,Q,0.00820464797840422,True,True,
494,MHWK,M,H,W,K,-0.012789209193953342,True,True,
495,EDEK,E,D,E,K,0.0020461476339620043,True,True,
496,NIWD,N,I,W,D,0.00024400841497724927,True,True,
497,YFCE,Y,F,C,E,0.01141090615481112,True,True,
498,CEME,C,E,M,E,0.008811780660413148,True,True,
499,HYEW,H,Y,E,W,0.001207308333484392,True,True,
500,PYCE,P,Y,C,E,0.009170705395582027,True,True,
501,FFWQ,F,F,W,Q,0.001873689015011879,True,True,
502,QFWW,Q,F,W,W,-0.009901320477500771,True,True,
503,KMME,K,M,M,E,0.016683202818732666,True,True,
504,HEME,H,E,M,E,-0.0007719474460573878,True,True,
505,WQWK,W,Q,W,K,0.0008141365163858449,True,True,
506,PHED,P,H,E,D,0.003753901146834295,True,True,
507,FHMQ,F,H,M,Q,0.00866984770989997,True,True,
508,NWEM,N,W,E,M,0.0009763718869408121,True,True,
509,QCWF,Q,C,W,F,0.00668562400227748,True,True,
510,QQEW,Q,Q,E,W,0.0022559200240801704,True,True,
511,KMEM,K,M,E,M,0.0028065576183578995,True,True,
512,FHCE,F,H,C,E,0.004074889754829947,True,True,
513,PFME,P,F,M,E,0.014122487008870473,True,True,
514,TQEE,T,Q,E,E,-0.0028971147932721902,True,True,
515,DYEE,D,Y,E,E,0.006006787480724615,True,True,
516,HNDW,H,N,D,W,0.0012363935394221444,True,True,
517,EDWQ,E,D,W,Q,0.007078839264574521,True,True,
518,QYED,Q,Y,E,D,0.013318846211733626,True,True,
519,CTWE,C,T,W,E,0.002998881904910074,True,True,
520,WQCW,W,Q,C,W,0.01396259589076972,True,True,
521,WFWQ,W,F,W,Q,-0.005969035227661019,True,True,
522,HEKE,H,E,K,E,0.0017144784227493405,True,True,
523,MQMD,M,Q,M,D,0.006994666422880565,True,True,
524,HSED,H,S,E,D,0.010169609910585315,True,True,
525,CIEW,C,I,E,W,0.0013715588391013933,True,True,
526,DFWE,D,F,W,E,0.0014841988549551335,True,True,
527,HFEK,H,F,E,K,0.018872848466957224,True,True,
528,NDEK,N,D,E,K,-0.00026634187426439055,True,True,
529,EHKE,E,H,K,E,0.009191238381473921,True,True,
530,QWEE,Q,W,E,E,-0.005174617290643277,True,True,
531,DHWE,D,H,W,E,-0.0023494731508747627,True,True,
532,FEWE,F,E,W,E,-0.0080223679079471,True,True,
533,KHEC,K,H,E,C,0.006223490343946831,True,True,
534,WKWQ,W,K,W,Q,-0.006601672923616858,True,True,
535,WWEE,W,W,E,E,-0.00560000895515821,True,True,
536,WYCW,W,Y,C,W,0.011252699528015046,True,True,
537,EYEE,E,Y,E,E,0.007349372385507034,True,True,
538,CCEW,C,C,E,W,-0.010067683908982213,True,True,
539,CQEV,C,Q,E,V,0.007114684162611878,True,True,
540,MQEW,M,Q,E,W,-0.012600763793731571,True,True,
541,YMWE,Y,M,W,E,0.00803314991430026,True,True,
542,ACKW,A,C,K,W,0.016866663376765942,True,True,
543,HFEE,H,F,E,E,0.004355953842457213,True,True,
544,YGEE,Y,G,E,E,0.005831342388831683,True,True,
545,QYWE,Q,Y,W,E,-0.017328355188737037,True,True,
546,YQWK,Y,Q,W,K,0.0038636994757141442,True,True,
547,YWCG,Y,W,C,G,0.05142774112593453,True,True,
548,KHEK,K,H,E,K,-0.0016744673510812203,True,True,
549,QEEI,Q,E,E,I,0.011850496451183874,True,True,
550,QYCK,Q,Y,C,K,0.005521519215827121,True,True,
551,IWEK,I,W,E,K,0.000372631195802701,True,True,
552,PYMQ,P,Y,M,Q,0.006148734869665302,True,True,
553,PNKE,P,N,K,E,0.008483949429117996,True,True,
554,FREE,F,R,E,E,0.006558169803395423,True,True,
555,KWDE,K,W,D,E,0.0029471161364382345,True,True,
556,HWGW,H,W,G,W,0.005433441912710946,True,True,
557,AIEE,A,I,E,E,0.010495928684243589,True,True,
558,HQWH,H,Q,W,H,0.004569669148206719,True,True,
559,DQDD,D,Q,D,D,0.0028876009486899176,True,True,
560,QQWD,Q,Q,W,D,0.002261790469474178,True,True,
561,MNWQ,M,N,W,Q,-0.003243002759527755,True,True,
562,QIEE,Q,I,E,E,-0.001028086145749138,True,True,
563,INWE,I,N,W,E,-0.00612723219015028,True,True,
564,ICEN,I,C,E,N,0.017164555538848828,True,True,
565,MCEM,M,C,E,M,0.01158746535207332,True,True,
566,HHMM,H,H,M,M,0.00612184643204995,True,True,
567,YFCQ,Y,F,C,Q,0.01448636808476342,True,True,
568,FYME,F,Y,M,E,0.006711341643814628,True,True,
569,KQWE,K,Q,W,E,0.00415382190142751,True,True,
570,FMDE,F,M,D,E,0.006484266398061623,True,True,
571,QDEK,Q,D,E,K,0.0015900458661480947,True,True,
572,FQWQ,F,Q,W,Q,0.0038693852717074815,True,True,
573,MHEW,M,H,E,W,-0.003271016172919084,True,True,
574,PMYE,P,M,Y,E,0.008658917021944785,True,True,
575,PYEQ,P,Y,E,Q,0.006782758871592135,True,True,
576,HMKE,H,M,K,E,0.004381986161810967,True,True,
577,HWEE,H,W,E,E,-0.002741597096976188,True,True,
578,YQEF,Y,Q,E,F,0.005380937524281518,True,True,
579,HHNM,H,H,N,M,0.014262215382654621,True,True,
580,EIWK,E,I,W,K,5.255818842468919e-05,True,True,
581,HDCW,H,D,C,W,0.0046405293331334176,True,True,
582,YYEM,Y,Y,E,M,0.012478197272600588,True,True,
583,PEKE,P,E,K,E,0.003167459804433669,True,True,
584,WFWE,W,F,W,E,0.0026079228731922567,True,True,
585,QQFE,Q,Q,F,E,0.004993447622236075,True,True,
586,PDWQ,P,D,W,Q,-0.0014518066890585135,True,True,
587,QHKE,Q,H,K,E,0.007366501487741846,True,True,
588,HKEE,H,K,E,E,0.0006070099323498598,True,True,
589,YKEQ,Y,K,E,Q,0.007734538671600218,True,True,
590,CHWQ,C,H,W,Q,-0.0013870515615646622,True,True,
591,NHWM,N,H,W,M,0.009361234853025808,True,True,
592,IMWQ,I,M,W,Q,-0.004464214479711243,True,True,
593,PCWW,P,C,W,W,-0.008853310372447758,True,True,
594,DQEM,D,Q,E,M,0.004237102457293771,True,True,
595,MHEM,M,H,E,M,0.008392097133468876,True,True,
596,MQCW,M,Q,C,W,0.013573991868906649,True,True,
597,PFEE,P,F,E,E,0.008625343797589793,True,True,
598,QIFW,Q,I,F,W,0.007633836280959834,True,True,
599,QNKW,Q,N,K,W,0.008199116229177348,True,True,
600,YNWK,Y,N,W,K,-0.0023020208519053034,True,True,
601,DMEW,D,M,E,W,-1.6730946493945242e-05,True,True,
602,NKEW,N,K,E,W,-0.0073474295242925945,True,True,
603,KMMC,K,M,M,C,0.042472198534933815,True,True,
604,DPIE,D,P,I,E,0.016123352972815915,True,True,
605,IWWE,I,W,W,E,-0.0007514613446305465,True,True,
606,QHDI,Q,H,D,I,0.0035723395385346877,True,True,
607,HHWQ,H,H,W,Q,-0.0066485641831395695,True,True,
608,QVGE,Q,V,G,E,0.00785457498789533,True,True,
609,EIEC,E,I,E,C,0.017307290153988162,True,True,
610,EDWE,E,D,W,E,-0.0011075960171376513,True,True,
611,QKME,Q,K,M,E,0.0065291695320332955,True,True,
612,MQMW,M,Q,M,W,0.003962308791610119,True,True,
613,MQEQ,M,Q,E,Q,-0.00390251881391657,True,True,
614,CYWE,C,Y,W,E,-0.0025534705620225374,True,True,
615,HQYQ,H,Q,Y,Q,0.0025211031089066105,True,True,
616,WHEK,W,H,E,K,-0.00024420319009619873,True,True,
617,EYWE,E,Y,W,E,-0.004428879017226481,True,True,
618,HDDE,H,D,D,E,0.005909617816987762,True,True,
619,QFWD,Q,F,W,D,0.0069369443985697,True,True,
620,CEEE,C,E,E,E,0.002327054653159439,True,True,
621,QFWE,Q,F,W,E,-0.00129065722968165,True,True,
622,WEEE,W,E,E,E,-0.005469385479413414,True,True,
623,HQKK,H,Q,K,K,-0.0007859442346802299,True,True,
624,MMWC,M,M,W,C,0.009684339979495329,True,True,
625,DWEE,D,W,E,E,-0.004295704429538055,True,True,
626,MKKG,M,K,K,G,0.09616217928935335,True,True,
627,PPWE,P,P,W,E,-0.0032245102479578173,True,True,
628,QNKK,Q,N,K,K,0.006462030785262679,True,True,
629,YQKE,Y,Q,K,E,0.006007370829557727,True,True,
630,MDDE,M,D,D,E,0.003578938350537189,True,True,
631,YQKM,Y,Q,K,M,0.009070728946414407,True,True,
632,HDWD,H,D,W,D,-0.00013945426588359448,True,True,
633,KIEC,K,I,E,C,0.01345137336033847,True,True,
634,FKEW,F,K,E,W,-0.0014077686238741151,True,True,
635,YHKD,Y,H,K,D,0.005725588847810589,True,True,
636,WQWQ,W,Q,W,Q,-0.001508071457412619,True,True,
637,QMEM,Q,M,E,M,0.009293697974716126,True,True,
638,WFEQ,W,F,E,Q,0.006099549805401992,True,True,
639,HKEC,H,K,E,C,0.008512278005923737,True,True,
640,HFWG,H,F,W,G,0.013263991051191389,True,True,
641,ETWE,E,T,W,E,0.0026161412307042914,True,True,
642,QDEE,Q,D,E,E,0.0021767959778629022,True,True,
643,EHWD,E,H,W,D,0.007535219367302178,True,True,
644,HTKW,H,T,K,W,0.004142262788239842,True,True,
645,DQWI,D,Q,W,I,0.010107228237800582,True,True,
646,HYKE,H,Y,K,E,0.005000017333571931,True,True,
647,DMWE,D,M,W,E,0.000461549153231705,True,True,
648,HCKK,H,C,K,K,0.0028805798069729913,True,True,
649,HQKF,H,Q,K,F,0.004797536361231049,True,True,
650,QMEE,Q,M,E,E,0.0027310008191994087,True,True,
651,WDWE,W,D,W,E,0.0022490456505254485,True,True,
652,QKCE,Q,K,C,E,0.0028561836523761912,True,True,
653,FPED,F,P,E,D,0.0017387146805275756,True,True,
654,QQMM,Q,Q,M,M,0.009181012968989924,True,True,
655,KMCE,K,M,C,E,0.011938938011666468,True,True,
656,QHFW,Q,H,F,W,0.006850289496021129,True,True,
657,WHRE,W,H,R,E,0.005740497816549941,True,True,
658,YYWQ,Y,Y,W,Q,-0.0065330758275551955,True,True,
659,KQEE,K,Q,E,E,0.00036151843464644,True,True,
660,FCIE,F,C,I,E,0.008177080554869483,True,True,
661,YHKQ,Y,H,K,Q,0.01029458193362854,True,True,
662,WQWI,W,Q,W,I,0.009211485470193508,True,True,
663,QIKM,Q,I,K,M,0.0073333180837210025,True,True,
664,CCWE,C,C,W,E,0.004247868025929618,True,True,
665,HVME,H,V,M,E,0.008412889950802574,True,True,
666,DQKE,D,Q,K,E,0.003814332270737838,True,True,
667,QCKI,Q,C,K,I,0.014350492124954978,True,True,
668,CFWM,C,F,W,M,0.003556118699857948,True,True,
669,QYQW,Q,Y,Q,W,0.006774436863666503,True,True,
670,PHKC,P,H,K,C,0.013625177073055604,True,True,
671,MPEW,M,P,E,W,-0.001657395051654859,True,True,
672,PIFK,P,I,F,K,0.015796340618580925,True,True,
673,FQWF,F,Q,W,F,0.007150507679449153,True,True,
674,IDEE,I,D,E,E,-0.0016571536678374403,True,True,
675,CTWK,C,T,W,K,-0.003234766639685269,True,True,
676,AHWE,A,H,W,E,0.006072631740811392,True,True,
677,WHED,W,H,E,D,-0.0021667643768064127,True,True,
678,PHIK,P,H,I,K,0.011877541344892103,True,True,
679,MHMQ,M,H,M,Q,0.007436679210166859,True,True,
680,MYME,M,Y,M,E,0.005487797288836852,True,True,
681,WPDK,W,P,D,K,0.0055662588658661055,True,True,
682,QHWY,Q,H,W,Y,0.008363227615025578,True,True,
683,NPWI,N,P,W,I,0.0026722154470951473,True,True,
684,PCEE,P,C,E,E,0.0014710438372965275,True,True,
685,CCKE,C,C,K,E,0.01676548943471247,True,True,
686,KAEE,K,A,E,E,0.005139007305839206,True,True,
687,HYFE,H,Y,F,E,0.015268400470389853,True,True,
688,IQMW,I,Q,M,W,0.01477901396932993,True,True,
689,IIWQ,I,I,W,Q,-0.0018467134154234604,True,True,
690,WPEE,W,P,E,E,0.0024733384530757807,True,True,
691,HCKQ,H,C,K,Q,0.008647420162818269,True,True,
692,QCGY,Q,C,G,Y,0.011072572478115493,True,True,
693,IDWE,I,D,W,E,-0.0025798835127710286,True,True,
694,DDME,D,D,M,E,0.008896990561015271,True,True,
695,HEEW,H,E,E,W,0.003727818426476333,True,True,
696,HQQE,H,Q,Q,E,0.012146910101290362,True,True,
697,HTEA,H,T,E,A,-0.0019688971251850787,True,True,
698,HIWN,H,I,W,N,0.0020628461025831955,True,True,
699,WHWM,W,H,W,M,0.0017959557082512622,True,True,
700,MHWM,M,H,W,M,0.008205507255401978,True,True,
701,MPEE,M,P,E,E,-0.0026004878629846038,True,True,
702,HVEM,H,V,E,M,0.016348652404037635,True,True,
703,QQYE,Q,Q,Y,E,0.005133930051406353,True,True,
704,MAEK,M,A,E,K,0.012247619368561438,True,True,
705,NHEI,N,H,E,I,0.005891817544761251,True,True,
706,DHME,D,H,M,E,0.00792010345287247,True,True,
707,MQWQ,M,Q,W,Q,-0.003961539330760237,True,True,
708,QFMQ,Q,F,M,Q,0.007401413140094439,True,True,
709,MDWE,M,D,W,E,-0.0034856441016148545,True,True,
710,HVKM,H,V,K,M,0.01197244775065071,True,True,
711,FAQE,F,A,Q,E,0.010998978723694828,True,True,
712,DQGE,D,Q,G,E,0.005732580135088656,True,True,
713,QFWK,Q,F,W,K,0.006304669934188698,True,True,
714,MTEE,M,T,E,E,0.003003088132761571,True,True,
715,NQEE,N,Q,E,E,0.003780680023111446,True,True,
716,HCNF,H,C,N,F,0.010811616493614885,True,True,
717,NIEK,N,I,E,K,0.0028905823765686747,True,True,
718,CIWW,C,I,W,W,-0.016163208222314835,True,True,
719,PLEE,P,L,E,E,0.011025405855177193,True,True,
720,FDWQ,F,D,W,Q,0.0014102390401690191,True,True,
721,TPEW,T,P,E,W,0.0068344029967054324,True,True,
722,WYEQ,W,Y,E,Q,0.0007971308412646364,True,True,
723,DHKE,D,H,K,E,0.01454915065890558,True,True,
724,FQWM,F,Q,W,M,0.0038724795124111897,True,True,
725,MMNW,M,M,N,W,0.011135167139604833,True,True,
726,HHFQ,H,H,F,Q,0.011247203621222583,True,True,
727,HFKW,H,F,K,W,0.0042194383957719446,True,True,
728,HQWG,H,Q,W,G,0.01086344577825835,True,True,
729,HEWW,H,E,W,W,-0.00791913647447068,True,True,
730,MFEE,M,F,E,E,0.005784190429252301,True,True,
731,NWIE,N,W,I,E,0.005727332139034378,True,True,
732,WIMW,W,I,M,W,0.0039513441082673064,True,True,
733,FCMW,F,C,M,W,0.0026270825416190254,True,True,
734,MFED,M,F,E,D,0.006284293057670684,True,True,
735,QWWD,Q,W,W,D,0.001963512821782728,True,True,
736,WHEC,W,H,E,C,0.0012490604905225345,True,True,
737,YHKC,Y,H,K,C,0.014434759964628511,True,True,
738,QCKE,Q,C,K,E,0.0007746660808250706,True,True,
739,HMCM,H,M,C,M,0.011777503498120801,True,True,
740,NHWE,N,H,W,E,-0.005876961908465015,True,True,
741,MDEE,M,D,E,E,-0.0008167048003024402,True,True,
742,QHWQ,Q,H,W,Q,-0.009471886653307374,True,True,
743,YMGE,Y,M,G,E,0.011589482394639252,True,True,
744,HIEK,H,I,E,K,0.0027005049105809464,True,True,
745,HMWW,H,M,W,W,-0.015591251273986258,True,True,
746,WHMW,W,H,M,W,0.001934901085369332,True,True,
747,FPCK,F,P,C,K,0.010493243196065614,True,True,
748,QMKK,Q,M,K,K,0.008361938811995016,True,True,
749,QEWE,Q,E,W,E,3.867779540993625e-05,True,True,
750,PHEG,P,H,E,G,0.02367511301514547,True,True,
751,NWKE,N,W,K,E,0.001532014683106534,True,True,
752,WNEY,W,N,E,Y,0.0030959151662899183,True,True,
753,PQEQ,P,Q,E,Q,-0.0012499699496635861,True,True,
754,FIIE,F,I,I,E,0.015475262125420584,True,True,
755,HKIW,H,K,I,W,0.000736467518237703,True,True,
756,DIEE,D,I,E,E,0.00045066025463576926,True,True,
757,MQDQ,M,Q,D,Q,0.005896060314046814,True,True,
758,CWEW,C,W,E,W,-0.01410633981639607,True,True,
759,IEWQ,I,E,W,Q,-0.0037451125797118194,True,True,
760,CHWE,C,H,W,E,0.001140886322491534,True,True,
761,EHWG,E,H,W,G,0.017329080054150237,True,True,
762,DKEE,D,K,E,E,0.005250293324027697,True,True,
763,HWKE,H,W,K,E,0.0037444864750040994,True,True,
764,DFWW,D,F,W,W,-0.008660041149580473,True,True,
765,QEMW,Q,E,M,W,0.007633692123850175,True,True,
766,MQWG,M,Q,W,G,0.027331565769093208,True,True,
767,WNCE,W,N,C,E,0.001428172686428346,True,True,
768,PHMM,P,H,M,M,0.006288349696690456,True,True,
769,HKMK,H,K,M,K,0.00101509115865669,True,True,
770,KQEI,K,Q,E,I,0.0019408612777719399,True,True,
771,PQWQ,P,Q,W,Q,-0.0037194145108674723,True,True,
772,HEFM,H,E,F,M,0.011623361979437906,True,True,
773,AYME,A,Y,M,E,0.01031445747772838,True,True,
774,YEWC,Y,E,W,C,0.0043834785020725195,True,True,
775,MHMW,M,H,M,W,0.008934437604812927,True,True,
776,QCYM,Q,C,Y,M,0.013829602164739802,True,True,
777,KMMD,K,M,M,D,0.00998020140328149,True,True,
778,PHEQ,P,H,E,Q,0.01058034859541365,True,True,
779,IWDW,I,W,D,W,0.0032739468327451847,True,True,
780,QHKW,Q,H,K,W,-0.0005093625918984301,True,True,
781,KKKC,K,K,K,C,0.0025058277919220683,True,True,
782,PMEE,P,M,E,E,0.010604097765330113,True,True,
783,HDWQ,H,D,W,Q,-0.0008968980352368029,True,True,
784,PMWG,P,M,W,G,0.07109489286296505,True,True,
785,QLEE,Q,L,E,E,0.008638748881911506,True,True,
786,YMDW,Y,M,D,W,0.006121597073035137,True,True,
787,QWKD,Q,W,K,D,0.0010541637250548975,True,True,
788,EMEE,E,M,E,E,0.009553050975984526,True,True,
789,MYEE,M,Y,E,E,0.0009650090590950723,True,True,
790,QDWE,Q,D,W,E,-0.002765680933194679,True,True,
791,MCKD,M,C,K,D,0.011142282348333393,True,True,
792,MQKG,M,Q,K,G,0.14858506827367168,True,True,
793,NIEG,N,I,E,G,0.10464760431629974,True,True,
794,KDWE,K,D,W,E,0.006119233749418799,True,True,
795,WIEW,W,I,E,W,0.00640524889029439,True,True,
796,YCEW,Y,C,E,W,0.003335706492954903,True,True,
797,YDWQ,Y,D,W,Q,0.004692860947095313,True,True,
798,PQEC,P,Q,E,C,0.0024133248592543826,True,True,
799,KHNW,K,H,N,W,0.015663402021610852,True,True,
800,QQWE,Q,Q,W,E,-0.0071876811914913085,True,True,
801,KCWQ,K,C,W,Q,0.002141668944176345,True,True,
802,HDME,H,D,M,E,0.006025461994173754,True,True,
803,DYWE,D,Y,W,E,0.0021498784916131096,True,True,
804,HIDE,H,I,D,E,0.0018555931066246347,True,True,
805,PYFQ,P,Y,F,Q,0.012982422545383945,True,True,
806,AMEW,A,M,E,W,0.008487242864064699,True,True,
807,IDWQ,I,D,W,Q,0.001010805620801182,True,True,
808,CMKW,C,M,K,W,0.015392053623445435,True,True,
809,QKKE,Q,K,K,E,-0.0020507439071971514,True,True,
810,KQMW,K,Q,M,W,0.0037733532596608997,True,True,
811,FMKE,F,M,K,E,-0.0036673725010026676,True,True,
812,YHEM,Y,H,E,M,0.010028513718208246,True,True,
813,HWWD,H,W,W,D,-0.00037414012341426537,True,True,
814,WHWE,W,H,W,E,-0.011347828475012872,True,True,
815,FDWK,F,D,W,K,0.0018279252818297154,True,True,
816,DMEM,D,M,E,M,0.005363596870101203,True,True,
817,HDCE,H,D,C,E,0.0036128020117940198,True,True,
818,CKEE,C,K,E,E,0.0020634390402517596,True,True,
819,YWEW,Y,W,E,W,0.001217115010878743,True,True,
820,QMWE,Q,M,W,E,-0.0033832924322643207,True,True,
821,QPKQ,Q,P,K,Q,0.009103278688635233,True,True,
822,CHWN,C,H,W,N,0.008679798555931666,True,True,
823,QCME,Q,C,M,E,0.012153023592180288,True,True,
824,KHEQ,K,H,E,Q,0.002528614056366498,True,True,
825,WQEE,W,Q,E,E,-0.007424913345711218,True,True,
826,NCDE,N,C,D,E,0.002775043802384151,True,True,
827,WYKE,W,Y,K,E,-0.002982347337294452,True,True,
828,QVEW,Q,V,E,W,0.005833573453226551,True,True,
829,QNWD,Q,N,W,D,0.00151056127563076,True,True,
830,CQWD,C,Q,W,D,0.00010063831906081776,True,True,
831,YYEE,Y,Y,E,E,0.005343911703169998,True,True,
832,YQWD,Y,Q,W,D,0.0008146159698203028,True,True,
833,KQDE,K,Q,D,E,0.007413398534268683,True,True,
834,QWDQ,Q,W,D,Q,0.00759147919553864,True,True,
835,FKWE,F,K,W,E,0.0006045151231468666,True,True,
836,MYEC,M,Y,E,C,0.00797836141500976,True,True,
837,KPEW,K,P,E,W,-0.001422974260568963,True,True,
838,PCMD,P,C,M,D,0.014493001306662227,True,True,
839,QQIQ,Q,Q,I,Q,0.015067038545581151,True,True,
840,KDKW,K,D,K,W,0.004286273125822308,True,True,
841,MMMW,M,M,M,W,0.019719767439203763,True,True,
842,HEWQ,H,E,W,Q,-0.0025597386580164614,True,True,
843,CKDG,C,K,D,G,0.012431969338755896,True,True,
844,HEEK,H,E,E,K,0.007779500576474634,True,True,
845,EHVW,E,H,V,W,0.005226128945408105,True,True,
846,HEGK,H,E,G,K,0.00713855758986254,True,True,
847,TQCW,T,Q,C,W,0.019705915847495724,True,True,
848,MWEE,M,W,E,E,-0.004580142888416881,True,True,
849,MQNW,M,Q,N,W,0.005179960466406431,True,True,
850,KNEK,K,N,E,K,-0.003235478752932674,True,True,
851,MFWQ,M,F,W,Q,0.003822017877563278,True,True,
852,FMWW,F,M,W,W,-0.009912931788309902,True,True,
853,EHCG,E,H,C,G,0.1072166712023397,True,True,
854,LQWM,L,Q,W,M,0.002986537737563792,True,True,
855,ICCE,I,C,C,E,0.017504697159034747,True,True,
856,DFEE,D,F,E,E,0.0004850672321688696,True,True,
857,IMED,I,M,E,D,0.009565725986137833,True,True,
858,QHEE,Q,H,E,E,-0.003969991776582871,True,True,
859,MHCM,M,H,C,M,0.01779412870518815,True,True,
860,YQEE,Y,Q,E,E,-0.001610128395313653,True,True,
861,WHMD,W,H,M,D,0.00010879386259210819,True,True,
862,KMEQ,K,M,E,Q,0.004132703626178614,True,True,
863,MWWQ,M,W,W,Q,-0.004390857850414175,True,True,
864,MDKW,M,D,K,W,0.01024564902436505,True,True,
865,QYQE,Q,Y,Q,E,0.0009485300911641282,True,True,
866,QDDK,Q,D,D,K,0.005543260274498021,True,True,
867,DDWE,D,D,W,E,0.003053208132019927,True,True,
868,QHWD,Q,H,W,D,0.006456906335667889,True,True,
869,DNIE,D,N,I,E,0.019494926100830465,True,True,
870,WPEK,W,P,E,K,0.004878054740222006,True,True,
